Code in questionnaire,1,2,3,4,5,6,7,8,9,10,11,12,13,14,15,16,17,18,19,20,21,22,23,24,25,26,27,28,29,30,31,32,33,34,35,36,37,38,39,40,41,42,43,44,45,46,47,48,49,50,51,52,53,54,55,56,57,58,59,60,61,62,63,64,65,66,67,68,69,70,71,72,73,74,75,76,77,78,79,80,81,82,83,84,85,86,87,88,89,90,91,92,93,94,95,96,97,98,99,100,101,102,103,104,105,106,107,108,109,110,111,112,113,114,115,116,117,118,119,120,121,122,123,124,125,126,127,128,129,130,131,132,133,134,135,136,137,138,139,140,141,142,143,144,145,146,147,,149,150,151,152,153,154,155,156,157,158,159,160,161,162,,,,,,
CaseID,Date,Country,Province,Town,Latitude,Longitude,Climate,Precipitation,Urbanpopulation(%of total population),Wastegenerationrate(kg/person/day),CO2emission(capita),Ecologicalfootprint(gha/capita),GDP (US$/year/person),Countrypopulation,CityPopulation,Density (persons/km2),Lifeexpectancyboth (years),Healthlifeexpectancyatbirth(years),Perinatalmortalityrate(deaths in the first week of life per 1,000 live births),Neonatalmortalityrate(death during the first 28 days of life per 1000 live births),Adultmortalityrate(probability of dying between the ages of 15 and 60 per 1000 adults),Educationexpenditures(percentage of GDP),DisposalSite,UWHH,UWInstitutional,UWConstruction,UWHC,UWAgriculture,UWIndustry,UWCommercial,HouseholdSeparation,BusinessSeparation,PlasticSeparation,PaperSeparation,MetalSeparation,GlassSeparation,OrganicSeparation,BatterySeparation,MedicalSeparation,ElectricElectronicSeparation,Dispersion,WCbyMun,WCbyPS,WCbyWP,WCbyChildren,WCbyPPP,WCbyTS,CommercialFrecuency,InnerCityFrequency,RuralAreaFrequency,Collectionsystem,CSwtRickshaw,CSwtWheelbarrow,CSwtTruck,CSwtTractor,CSwtCompactor,CSwtAnimal,CSwtTricycle,CSwtMotorcycle,CSwtHandtrolley,CollectionFee (units of their actual currency),FittingTime,TransferStationsPlaced,Littering,StreetAsTransferStation,TransferStationSchedule,IllegalPoints,UncoveredIllegDisSite,Distance (km),WasteTreatment,ControlHCW,CompostingLevel,BurningLevel,QualtiyCompost,CoveredDisposal,Performance,StreetHazardousWaste,HazardousWasteTreatment,ReductionStrategies,MunicipalityCampaigns,ShoopingBags,NGOreductionCampaign,SchoolReductionCampaigns,ReuseAwareness,RestWasteToAnimals,PaperBottleUse,MetalScrapUse,WastePicFeeAssociated,RecyclableMatBuyingCompanies,RecyclingCompaniesinSurrCity,WastepickerCollection,RecyclingCompaniesincountry,BiogasProduction,MunKnowledgeCityWaste,SolidWasteManagementPlan,Standards,Enforcement,EquipmentAvai,SuitInfrastructure,Resource,StrucCollection,EfficiencyColl,AvaiTransportFac,QualRoads,TechnicalKnowledge,GoodPractices,DecisionMaking,PerceivedCost,AvailabilityLowCost,ProfessionalsAvailSW,SkilledPersonnel,CompostMarket,HealthCampaigns,EnvironmentCampaigns,FreeWasteManagement,CostRecovery,PayWillingness,CostingSystem,LocalGovernmentFinancing,GovernmentalFinancing,EIFees,EISubsidies,EITariff,EITaxes,PrivateParticipation,ThirdPartyInvestment,AidDependency,Mindset,PublicAwareness,SolutionWillingness,StakeholderCollaboration,PublicPlatforms,LeaderInterest,PublicPrivateTrust,Criminalization,CommunicationCSLocalG,FinancesTransfer,GovernmentAccountability,EPRresponsibility,EfficiencyManagement,MunicipalityOrganisation,DepartmentCoordination,WorkersWillingChange,PrioritySWM,PoliticalInterestSWM,WorkerMotivation,CorruptionLevel,ServicePartnerships,Cooperation,SharingGoals,PartnerPower,Matchmaking,AdequatePolicy,EnvironmentalLaw,LawEnforcement,ImplementationEnforcement,IncomeFees,Localknowledgeavailable,SumEffquipm,SumAwareness,SumSegregation,SumLegal,,,,,
1, ,Ethiopia,Shewa,Addis Ababa,9.0227,38.7468,3,2,17,0,32,0,1,1,1,344,82824732,3384569,77,2,55,50,57,39,307,5,5,1,1,1,1,1,2,1,1,2,2,1,2,1,1,1,1,1,1,3,1,2,1,2,2,1,999,999,0,5,2,2,1,1,1,2,2,2,2,0,5,1,3,1,2,1,1,10,2,6,2,3,3,1,6,3,1,2,2,1,1,1,2,3,1,1,9999,2,2,2,2,2,2,2,2,3,2,2,2,1,3,2,2,1,1,1,4,1,1,1,1,2,2,1,1,1,1,1,2,2,2,2,2,2,2,4,2,2,2,2,2,1,1,2,1,1,2,2,1,1,1,2,2,1,2,3,2,1,6,3,1,1,1,2,2,999,2,8,3,9,6,
2,April10,Turkey,Amasya,Amasya,40.65,35.8333,2,5,69,1,20,4,0,2,7,8215,74815703,88200,99,3,72,66,36,14,106,2,9,1,1,1,2,1,2,2,1,1,1,1,1,1,1,1,1,4,1,1,1,1,2,2,2,2,7,7,6,5,2,2,1,2,1,2,2,2,2,1,5,2,1,2,6,2,6,4,1,1,1,1,3,1,6,1,1,2,2,1,1,1,1,2,2,2,2,9999,5,2,2,2,4,2,2,3,5,4,1,1,4,4,2,2,2,1,4,1,2,1,2,2,1,1,9999,3,1,1,1,2,2,2,1,1,2,3,2,2,4,4,3,5,4,2,4,5,5,2,4,3,3,4,3,5,1,9999,1,5,4,9999,1,5,1,5,5,2,3,14,3,6,16,
3,Nov 09,Indonesia,Maluku,Ambon,-3.7069,128.1626,1,3,52,0,90,1,8,1,1,2349,229964723,330000,132,6,71,60,30,19,206,3,5,1,1,1,1,1,2,2,1,2,1,1,1,1,1,1,1,2,2,2,1,2,1,1,2,2,14,14,0,2,2,2,1,2,1,2,1,1,1,1500/month,3,1,2,1,2,1,1,15,1,1,2,4,2,4,2,2,1,2,1,2,2,2,2,3,2,1,1,2,1,4,2,2,3,1,1,1,3,3,1,1,2,3,2,2,2,1,3,2,1,1,1,1,1,2,2,1,2,1,1,2,2,2,1,2,1,2,2,1,3,3,2,2,3,1,3,2,4,2,2,2,2,4,3,3,2,4,2,2,2,9999,1,3,1,3,3,2,2,9,6,7,10,
4,Dec10,Indonesia,Maluku,Ambon,-3.7069,128.1626,1,3,52,0,90,1,8,1,1,2349,229964723,330000,134,1,71,60,30,19,206,3,5,1,1,1,1,1,2,2,1,2,1,1,1,1,1,1,1,2,2,2,1,2,1,1,2,2,14,14,0,2,2,2,1,2,1,2,1,1,1,1500/month,3,1,2,1,2,1,1,15,1,1,2,4,2,4,2,2,1,2,1,2,2,2,2,3,2,1,1,2,1,4,2,2,3,1,1,1,3,3,1,1,2,3,2,2,2,1,3,2,1,1,1,1,1,2,2,1,2,1,1,2,2,2,1,2,1,2,2,1,3,3,2,2,3,1,3,2,4,2,2,2,2,4,3,3,2,4,2,2,2,9999,1,3,1,3,3,2,2,9,6,7,10,
5,2008,Suriname,Sipawili,Asidonhopo,4.0099,-55.4679,1,3,75,0,28,4,8,1,0,5888,515124,1000,2,9,69,61,30,12,174,9999,2,2,2,2,2,2,2,2,1,1,1,1,1,1,1,1,1,1,4,2,2,2,2,2,2,0,0,0,1,2,2,2,2,2,2,2,2,2,9999,6,2,9999,3,6,1,1,9999,9999,6,1,2,3,6,6,2,2,2,2,2,2,2,2,3,2,2,2,1,1,1,2,2,1,2,2,3,1,1,2,2,6,6,6,1,1,1,4,1,2,1,1,1,2,3,2,2,1,1,2,9999,9999,9999,9999,2,2,5,2,2,2,2,3,2,1,6,1,1,1,2,2,2,2,2,5,1,1,3,2,1,1,3,1,1,1,1,1,1,3,13,4,6,4,,
6,May10,Sri Lanka,Sabaragamuwa,Balangoda,6.6433,80.7019,1,6,15,0,83,0,6,1,2,2068,20303477,23875,327,9,74,63,20,9,209,11,6,1,1,1,1,2,1,1,2,2,4,5,5,5,5,5,4,3,2,1,1,1,1,1,2,2,14,7,9999,2,2,2,2,1,2,2,2,2,1,9999,4,2,2,2,9999,2,9999,2,4,2,2,1,1,9999,4,1,1,1,1,9999,4,5,1,1,4,2,5,3,1,4,9999,2,4,1,1,1,2,4,1,1,5,1,4,4,3,4,1,4,1,1,1,1,1,9999,4,1,1,1,1,2,2,2,1,1,2,9999,2,1,2,3,3,4,3,2,3,3,4,9999,3,4,4,4,4,5,4,2,1,4,4,2,3,3,1,3,3,1,2,9,10,26,10,
7,Nov 09,Indonesia,Aceh,Banda Ac,5.5462,95.3191,1,3,52,0,90,1,8,1,1,2349,229964723,393000,132,6,71,60,30,19,206,3,5,1,1,1,2,2,2,2,1,2,2,2,2,2,2,2,1,5,1,2,1,1,1,2,2,2,6,7,3,2,2,2,1,2,1,2,1,2,2,7500-15000h/month,5,2,1,3,6,1,2,5,1,1,2,1,1,1,4,1,1,1,1,1,3,4,1,2,2,1,5,4,1,3,2,2,3,1,2,9999,4,3,2,1,3,4,3,3,3,2,2,2,2,1,2,1,1,2,2,2,1,1,1,2,2,1,2,1,1,1,2,1,2,2,2,3,2,1,3,1,3,2,2,3,2,3,4,4,3,2,2,3,2,9999,3,4,1,2,3,1,3,12,9,12,10,
8,Dec2010,Indonesia,Aceh,Banda Ac,5.5462,95.3191,1,3,52,0,90,1,8,1,1,2349,229964723,393000,134,1,71,60,30,19,206,3,5,1,1,1,2,2,2,2,1,2,2,2,2,2,2,2,1,5,1,2,1,1,1,2,2,2,6,7,3,2,2,2,1,2,1,2,1,2,2,7500-15000h/month,5,2,1,3,6,1,2,5,1,1,2,1,1,1,4,1,1,1,1,1,3,4,1,2,2,1,5,4,1,3,2,2,3,1,2,9999,4,3,2,1,3,4,3,3,3,2,2,2,2,1,2,1,1,2,2,2,1,1,1,2,2,1,2,1,1,1,2,1,2,2,2,3,2,1,3,1,3,2,2,3,2,3,4,4,3,2,2,3,2,9999,3,4,1,2,3,1,3,12,9,12,10,
9,Feb08,Thailand,Bangkok,Bangkok,13.7324,100.4762,1,3,33,1,10,4,1,2,4,4043,67386383,12000000,120,4,69,62,20,10,209,4,9,1,1,1,1,1,2,2,1,2,2,2,3,3,3,2,2,4,2,3,1,1,1,2,2,2,5,5,3,5,2,2,1,2,1,2,2,2,2,1.12,4,1,2,2,3,2,2,9999,5,4,2,2,2,3,3,2,3,1,1,2,4,5,1,4,3,3,4,4,4,5,1,1,5,1,1,1,4,4,2,1,5,4,4,2,2,3,3,2,1,1,1,1,1,1,2,3,1,1,1,1,2,2,1,1,1,2,3,1,4,4,4,4,3,2,3,3,3,2,4,4,4,3,5,4,3,3,1,4,4,1,3,4,1,3,3,1,2,14,10,14,11,
10,March10,Thailand,Bangkok,Bangkok,13.7234,100.4762,1,3,33,1,10,4,1,2,4,3893,67764033,12000000,126,9,69,62,20,10,209,4,9,1,1,1,1,1,2,2,1,2,2,2,3,3,3,2,2,4,2,3,1,1,1,2,2,2,5,5,3,5,2,2,1,2,1,2,2,2,2,1.12,4,1,2,2,3,2,2,9999,5,4,2,2,2,3,3,2,3,1,1,2,4,5,1,4,3,3,4,4,4,5,1,1,5,1,1,1,4,4,2,1,5,4,4,2,2,3,3,2,1,1,1,1,1,1,2,3,1,1,1,1,2,2,1,1,1,2,3,1,4,4,4,4,3,2,3,3,3,2,4,4,4,3,5,4,3,3,1,4,4,1,3,4,1,3,3,1,2,14,10,14,11,
11,Mar10,China,Beijing,Beijing,39.9042,116.4074,4,3,43,0,80,4,9,2,2,3744,1331460000,17500000,138,6,73,66,35,11,113,2,7,1,1,2,1,1,2,2,1,2,2,3,4,4,3,2,3,5,4,2,1,2,1,2,1,1,7,7,7,2,1,2,1,1,1,2,1,2,2,3.25/year,5,1,1,2,5,1,2,50,5,5,1,1,2,5,4,1,5,1,1,4,2,4,1,3,2,3,5,4,4,4,1,1,5,1,1,1,5,4,1,1,4,5,4,4,4,3,4,1,1,1,2,1,1,2,2,4,1,1,2,1,1,2,2,1,1,2,2,1,3,3,3,5,3,1,3,4,4,2,4,4,4,3,3,5,4,3,2,3,3,1,2,5,1,3,4,1,2,15,9,16,13,
13,April 10,Turkey,Bitlis,Bitlis,38.4,42.1167,2,5,69,0,90,4,0,2,7,8215,74815703,65000,99,3,72,66,36,14,106,2,9,1,1,1,1,1,1,1,1,1,1,1,1,1,1,1,1,3,1,4,2,1,2,2,2,2,3,6,3,4,2,2,1,1,2,2,2,2,2,0,4,2,3,2,6,1,1,20,1,1,1,1,1,2,6,2,4,2,2,1,1,1,2,2,1,1,1,1,1,2,1,2,4,2,2,2,2,2,2,1,2,1,3,2,2,1,2,2,2,2,2,1,2,1,1,2,2,1,2,2,2,2,1,1,2,5,1,2,2,4,1,2,3,1,2,2,3,2,3,4,4,3,3,3,3,3,2,4,2,2,1,3,1,3,3,1,2,6,3,6,10,
13,Jun 08,Peru,Cannete,Cannete,-11.9579,-77.046,2,1,71,0,47,1,5,2,0,4477,28836700,48500,22,7,73,67,20,13,106,2,7,1,1,1,1,1,1,1,1,1,2,2,2,3,2,2,1,4,1,2,1,1,2,2,2,2,6,6,1,2,2,2,1,2,1,2,1,2,2,8/year,4,2,2,2,4,1,2,20,1,3,1,1,2,1,6,1,1,1,1,3,3,4,1,3,2,1,1,3,3,4,1,2,4,1,1,2,3,3,1,1,3,3,3,3,3,2,1,3,1,1,1,2,1,2,2,3,1,1,1,1,2,2,2,2,1,2,3,1,4,3,3,3,2,2,3,3,2,2,3,3,3,3,3,3,3,3,1,3,2,2,3,3,1,3,3,1,2,10,9,11,10,
14,Feb09,Peru,Cannete,Cannete,-11.9579,-77.046,2,1,71,0,47,1,5,2,0,4469,29164833,48500,23,0,73,67,20,13,106,2,7,1,1,1,1,1,1,1,1,1,3,3,3,3,3,2,1,4,1,2,1,1,2,2,2,2,6,6,1,2,2,2,1,2,1,2,1,2,2,8/year,4,2,2,2,4,1,2,20,1,3,1,1,2,1,6,1,1,1,1,3,3,4,1,3,2,1,1,3,3,4,1,2,4,1,1,2,3,3,1,1,3,3,3,3,3,2,1,3,1,1,1,2,1,2,2,3,1,1,1,1,2,2,2,2,1,2,3,1,4,3,3,3,2,2,3,3,2,2,3,3,3,3,3,3,3,3,1,3,2,2,3,3,1,3,3,1,2,10,9,15,10,
15,Mar10,Peru,Cannete,Cannete,-11.9579,-77.046,2,1,71,0,47,1,5,2,0,4469,29164833,48500,23,3,73,67,20,13,106,2,7,1,1,1,1,1,1,1,1,2,4,4,4,4,4,2,1,4,1,2,1,1,2,2,2,2,6,6,1,2,2,2,1,2,1,2,1,2,2,8/year,4,2,2,2,4,1,2,20,1,3,1,1,2,1,6,1,1,1,1,3,3,4,1,3,2,1,1,3,3,4,1,2,4,1,1,2,3,3,1,1,3,3,3,3,3,2,1,3,1,1,1,2,1,2,2,3,1,1,1,1,2,2,2,2,1,2,3,1,4,3,3,3,2,2,3,3,2,2,3,3,3,3,3,3,3,3,1,3,2,2,3,3,1,3,3,1,2,10,9,20,10,
16,1985,Costa Rica,Cartago,Cartago,9.754,-83.6774,1,3,71,0,70,1,4,2,7,1775,2698604,98000,52,8,75,69,9,11,115,5,0,1,1,1,1,1,2,1,1,2,1,1,1,2,2,1,1,1,1,3,1,2,1,2,2,2,6,3,0,5,2,2,1,1,1,2,2,2,2,9999,3,2,3,2,6,1,1,8,1,1,1,1,3,2,6,1,1,2,2,2,1,1,2,3,2,1,2,1,1,4,1,2,3,2,2,3,2,2,2,1,2,3,2,2,2,1,4,2,1,1,1,1,1,2,2,2,1,1,2,2,2,2,1,2,2,2,2,2,2,2,3,2,2,3,2,2,2,2,2,2,2,3,2,2,3,3,2,1,1,3,2,3,1,2,2,1,2,8,3,8,8,
17,1995,Costa Rica,Cartago,Cartago,9.754,-83.6774,1,3,63,0,80,1,4,2,7,3370,3478643,102570,67,8,77,69,9,9,108,5,0,1,1,1,1,1,2,1,1,2,2,1,4,4,4,1,1,2,1,2,1,2,1,2,2,2,6,3,0,5,2,2,1,1,1,2,2,2,2,9999,4,2,3,2,6,1,1,8,2,1,1,1,3,2,6,1,1,2,2,2,2,2,2,3,2,1,2,1,2,4,1,2,3,2,2,3,2,3,2,1,2,3,2,2,2,1,4,2,1,1,1,1,1,2,2,2,1,1,2,2,2,2,1,2,2,2,2,2,2,2,3,2,2,3,2,2,2,2,2,2,2,3,2,2,3,3,2,1,1,3,2,3,1,2,2,1,2,8,4,14,8,
18,Jan10,Tanzania,Dar es Salam,Dar es Sala,-6.8229,39.2697,1,4,25,0,50,0,1,1,3,509,43739051,4000000,44,2,56,45,69,33,458,6,8,1,1,1,2,1,1,1,1,1,2,3,3,5,2,1,1,3,1,3,1,1,1,2,2,1,7,7,0,2,2,1,2,1,2,2,2,2,2,0.53 HH 5.3com,3,1,5,1,2,1,1,30,1,1,1,2,2,1,2,1,5,2,2,2,1,1,2,1,2,5,1,3,3,5,2,2,4,2,2,1,2,2,2,1,3,3,3,3,3,1,2,2,1,1,2,1,1,2,3,3,1,1,1,1,2,2,2,1,2,2,3,1,1,2,2,2,3,1,3,3,3,1,3,3,3,3,2,2,3,3,1,2,1,2,3,3,1,3,3,2,2,9,5,12,10,
19,Mar10,India,Karnataka,Doddaballapur,13.2895,77.5342,1,6,29,0,28,1,4,0,9,1134,1155347678,95000,356,9,64,56,70,37,213,3,2,1,1,1,1,2,2,1,1,2,2,2,2,2,2,2,1,5,1,2,1,1,1,2,2,2,7,7,3,2,2,1,1,1,2,2,2,2,2,0.16 H 0.25 shops,3,2,2,1,1,2,2,7,1,1,1,2,2,1,2,2,1,1,1,2,5,4,1,4,3,5,1,4,4,5,1,1,4,1,1,1,4,4,1,1,3,4,3,2,2,2,1,4,1,1,1,1,1,2,2,3,2,1,1,2,2,2,1,1,1,2,2,1,2,2,3,3,2,2,2,4,2,2,1,1,1,4,1,3,3,5,2,2,2,2,2,4,1,2,3,1,2,12,9,12,10,
20,1995,Ecuador,Santo Domingo de los Tsachilas,El Carme,-0.2544,79.1727,1,5,66,0,50,2,0,2,1,1771,11406764,22870,40,6,71,9999,9999,9999,200,1,0,1,1,2,9999,1,2,2,1,2,2,2,2,2,2,2,2,2,2,2,1,2,1,1,2,2,6,3,0,5,2,2,1,1,1,2,2,2,2,9999,3,2,3,1,6,1,1,7,1,1,1,1,3,2,6,2,1,1,1,1,1,1,1,3,1,1,2,1,1,3,1,1,2,2,2,3,3,3,2,1,2,3,4,2,2,1,3,1,1,1,1,2,2,2,2,2,1,1,2,2,2,1,2,2,2,1,2,2,1,1,2,2,2,3,2,1,2,2,2,2,1,2,2,2,1,3,2,2,1,3,1,1,2,1,2,2,2,9,5,12,4,
21,Oct 09,South Afri,Gauten,Emfuleni,-26.7,27.8333,3,5,61,0,60,8,8,2,4,5786,49320150,658442,40,2,51,48,33,20,520,5,4,1,1,2,1,2,2,1,2,2,2,2,4,1,1,4,1,1,1,1,1,1,2,2,2,2,6,6,0,5,2,2,1,2,1,2,2,2,2,9999,4,1,2,2,4,1,5,10,1,1,1,3,1,4,4,1,1,1,1,4,1,4,1,1,5,5,1,2,1,1,1,1,5,1,1,1,3,3,2,1,4,3,2,2,2,3,1,1,1,1,2,1,1,2,2,2,1,1,1,2,2,2,1,2,2,1,2,1,2,2,1,2,1,1,1,1,3,2,2,4,5,1,5,3,4,1,2,2,2,2,1,3,1,3,4,2,2,11,10,15,11,
22,2007,Bangladesh,Dhaka,Gazipur,23.9917,90,4196,1,6,27,0,25,0,3,6,0,434,157752512,130000,1044,8,65,56,50,33,238,2,4,1,1,2,2,1,2,2,2,1,1,1,1,1,1,1,1,1,1,2,1,1,1,1,2,2,7,7,0,2,1,1,1,1,2,2,1,2,1,9999,3,1,2,1,4,2,4,5,1,1,1,1,1,1,1,1,1,2,1,4,4,2,1,2,1,1,1,2,2,4,2,1,2,1,1,2,2,2,1,1,2,3,3,3,2,2,2,2,1,1,1,1,1,2,2,2,1,1,1,2,2,2,1,2,1,2,3,1,2,4,2,2,2,2,3,3,3,2,3,3,4,3,2,3,3,9999,1,4,4,1,4,4,2,3,3,2,2,8,7,6,10
23,2008,Bangladesh,Dhaka,Gazipur,23.9917,90,4196,1,6,27,0,25,0,3,6,0,497,160000128,130000,1083,7,66,56,50,33,238,2,4,1,1,2,2,1,2,2,2,1,1,1,1,1,1,1,1,2,1,2,1,1,1,1,2,2,7,7,0,3,1,1,1,1,2,2,1,2,1,9999,4,1,2,1,4,2,4,5,2,3,1,1,1,3,3,1,3,2,1,4,4,2,1,2,1,1,1,2,2,4,2,1,3,1,1,2,3,3,1,1,4,3,3,3,2,2,2,2,1,1,1,1,1,2,2,4,1,1,1,2,2,2,1,2,1,2,3,1,2,4,2,3,4,2,3,3,3,2,3,3,4,3,2,3,3,9999,1,4,4,1,4,4,2,3,3,2,2,11,7,6,10
24,Dec09,Bangladesh,Dhaka,Gazipur,23.9917,90.4196,1,6,27,0,25,0,3,0,6,551,162220762,130000,1084,2,66,56,50,33,238,2,4,1,1,2,2,1,2,2,2,1,1,1,1,1,1,1,1,4,1,2,1,1,1,1,2,2,7,7,1,3,1,2,1,2,2,2,1,2,1,0.32/month,5,1,2,1,4,2,4,5,4,5,1,1,1,4,4,1,4,2,1,4,4,2,1,2,1,1,1,3,3,4,2,1,4,1,1,2,3,3,1,1,4,3,3,3,3,3,2,2,1,1,1,1,1,2,2,4,1,1,1,2,2,2,1,2,1,2,3,1,2,4,2,4,4,2,3,3,3,2,3,3,4,3,2,3,3,9999,1,4,4,1,4,4,2,3,3,2,2,11,7,6,10,
25,May10,Sri Lanka,Southern,Hambantota,6.1239,81.1205,1,6,15,0,81,0,6,1,2,2068,2030347,11108,327,9,74,63,20,9,209,11,6,1,1,1,1,1,2,2,1,2,2,3,4,4,3,2,1,3,2,3,1,2,2,2,2,2,7,7,0,2,2,1,1,1,2,2,2,2,2,0,4,2,2,1,2,2,6,3,1,4,3,3,1,4,2,2,3,2,1,3,2,2,1,2,2,2,1,3,3,3,1,1,4,1,2,2,4,4,1,1,3,3,3,3,3,3,1,4,2,1,2,1,1,2,6,2,1,1,1,2,2,2,2,1,1,2,2,1,3,3,2,3,3,2,3,3,3,2,3,3,3,2,4,3,3,3,1,3,3,1,2,3,1,2,3,1,3,11,7,16,9,
26,April10,Indonesia,Jogjakarta,Jogjakarta,7.8753,110.4262,1,3,52,0,90,1,8,1,1,2349,229964723,388000,134,1,71,60,30,19,206,3,5,1,1,1,2,2,1,2,1,2,1,2,2,2,2,2,1,4,1,3,1,2,1,2,2,2,7,7,0,2,2,1,1,2,2,2,1,1,1,30000/month,4,1,2,2,3,1,2,30,1,1,2,3,2,1,2,3,1,1,2,2,2,2,2,3,3,2,2,3,2,4,1,1,4,1,2,2,3,2,2,2,2,3,2,2,3,2,2,1,2,2,1,2,2,1,1,2,2,1,1,1,2,2,2,1,1,2,2,2,2,3,2,4,2,2,3,3,2,2,2,3,1,2,2,3,2,3,1,2,2,1,2,3,1,2,2,2,2,10,4,11,8,
27,May07,Nepal,Kathmandu,Kathmandu,27.7029,85.3182,99,2,17,0,35,0,1,3,5,364,28286728,790597,201,6,67,55,51,31,277,3,2,1,1,1,2,2,2,1,1,2,2,2,2,2,2,3,1,2,1,3,1,1,1,1,1,2,7,6,1,2,1,1,1,1,1,2,2,2,2,0.51/month,3,2,2,1,6,1,1,12,1,2,2,2,2,1,6,2,1,1,1,2,3,3,3,2,3,4,1,3,3,4,2,2,4,2,2,3,3,3,1,1,2,3,3,2,2,1,4,2,2,1,1,2,1,2,2,2,1,1,2,9999,9999,9999,9999,1,2,4,2,1,2,2,4,1,1,3,2,2,2,2,2,2,2,2,2,1,2,3,2,2,2,2,1,2,1,1,1,1,3,9,9,13,5,
28,Mar 10,Turkey,Kutahya,Kutahya,39.4167,29.9833,2,5,69,0,60,4,0,2,7,8215,74815703,250000,99,3,72,66,36,14,106,2,9,1,1,1,2,1,2,1,1,2,2,2,2,2,2,1,1,5,5,2,1,1,1,2,2,2,7,4,3,5,2,2,1,2,1,2,2,2,2,9999,5,2,1,2,6,2,6,7,1,5,1,1,3,1,6,1,1,2,2,2,2,2,2,5,2,1,1,2,2,3,1,2,1,2,2,9999,4,5,1,1,3,4,5,1,1,1,2,1,1,2,2,1,1,2,9999,4,1,1,1,1,2,2,1,1,2,2,3,2,2,3,2,2,2,2,3,5,4,2,3,3,1,3,5,5,2,2,1,2,4,2,3,3,1,1,1,1,1,12,5,11,6,
29,May 95,Pakistan,Punjab,Lahore,31.5451,74.3407,2,2,36,0,84,0,6,0,8,495,122374953,5000000,183,6,60,9999,9999,9999,233,2,5,1,1,1,2,2,2,1,1,1,1,1,1,1,1,1,1,1,1,3,1,2,1,2,2,2,6,3,0,3,1,1,1,1,1,1,2,2,1,0,3,2,1,1,6,1,1,25,1,2,1,2,3,1,2,2,1,2,2,1,1,1,1,2,2,2,1,1,1,3,1,2,2,2,2,3,2,2,2,1,2,2,3,1,1,1,4,2,2,1,1,2,2,2,2,1,1,1,2,9999,9999,9999,9999,2,2,4,2,2,1,1,2,1,1,3,1,2,1,2,2,2,2,2,2,1,2,4,3,2,1,3,1,1,2,1,1,2,3,7,3,6,3,
30,Oct 09,South Afri,Western Cape,Langeberg,-33.9167,20.5,2,5,61,0,65,8,8,2,4,5786,49320150,81320,40,2,51,48,33,20,520,5,4,1,1,2,1,1,1,1,1,1,1,1,1,1,2,4,1,5,4,2,1,1,2,2,2,1,3,1,1,5,2,2,1,1,1,2,2,2,2,6.5 / 23,5,1,4,2,5,1,1,45,1,5,1,1,1,5,3,2,1,1,1,3,3,2,1,2,3,3,1,3,3,3,1,2,4,1,9999,1,3,4,1,1,4,4,3,2,3,2,4,2,1,1,1,1,2,2,2,4,1,1,1,1,1,2,2,1,2,1,2,1,4,3,3,3,3,4,3,3,3,1,3,3,3,3,3,3,3,2,1,3,4,3,3,3,1,2,2,1,2,12,6,10,8,
31,Jan09,Malawi,Lilongwe,Lilongwe,-13.9833,33.7733,1,5,19,0,50,0,1,0,7,326,15263417,700000,130,4,53,44,43,29,481,4,2,1,1,2,2,2,2,2,2,1,2,1,1,1,1,1,1,2,1,4,1,2,2,2,2,2,1,7,0,2,2,1,1,2,1,2,2,2,2,12.07 load,2,2,2,1,1,1,1,15,1,1,2,3,2,1,2,2,1,1,1,4,3,1,1,3,3,3,1,3,3,3,1,2,3,2,2,6,3,2,1,2,2,2,2,2,2,1,9999,1,1,1,1,1,1,1,2,2,2,1,1,2,2,2,1,1,1,1,1,1,1,1,2,2,1,2,2,3,3,2,3,3,2,2,4,2,2,3,1,2,2,2,2,2,1,2,2,1,2,7,6,7,7,
32,Feb10,Zambia,Lusaka,Lusaka,-15.4082,28.2872,1,5,35,0,37,0,2,1,1,985,12935368,2000000,17,9,45,40,56,36,515,1,4,1,1,1,1,1,2,1,1,2,2,1,2,3,1,2,1,3,1,3,1,1,1,2,2,2,5,5,0,2,2,1,1,1,1,2,2,2,2,14.8,2,2,3,2,1,1,1,14,2,3,2,3,2,4,3,2,2,2,1,2,2,2,2,3,3,4,1,3,3,3,1,1,4,1,1,2,3,3,1,1,3,3,2,4,4,2,2,2,1,1,2,1,1,2,2,3,1,1,1,1,2,2,2,1,1,2,2,1,2,2,2,3,2,4,2,2,2,2,2,2,3,3,2,2,2,4,1,3,3,1,2,3,1,2,2,2,2,10,6,10,8,
33,Jul08,Nicaragua,Managua,Managua,12.1364,-86.2514,1,6,57,0,48,0,8,2,8,1035,5667325,1000000,44,4,73,64,23,13,165,3,1,1,1,1,1,1,2,1,1,1,2,2,1,4,2,1,3,2,2,3,1,2,1,2,1,2,5,3,0,2,2,2,1,1,1,2,2,2,1,1.1/month,3,1,2,1,2,1,2,8,1,2,1,2,3,4,2,2,2,1,1,2,3,4,1,1,1,1,3,3,2,5,1,2,4,1,1,2,3,2,1,1,2,3,2,3,3,2,4,2,1,1,2,1,1,2,2,2,1,1,2,9999,9999,9999,9999,1,1,5,1,1,3,3,3,3,3,3,3,3,2,2,2,3,2,3,3,3,3,3,1,3,2,3,2,3,1,2,2,1,2,9,9,9,8,
34,Jul 09,Nicaragua,Managua,Managua,12.1364,-86.2514,1,6,57,0,48,0,8,2,8,1069,5742800,1000000,45,2,73,64,23,13,165,3,1,1,1,1,1,1,2,1,1,1,2,2,1,4,2,1,3,2,2,3,1,2,1,2,1,2,5,3,0,3,2,2,1,1,1,2,2,2,1,1.1/month,3,1,2,1,2,1,2,8,1,2,1,2,3,4,2,2,2,1,1,2,3,4,1,1,1,1,3,3,2,5,1,2,4,1,1,2,3,2,1,1,2,3,2,3,3,2,4,2,1,1,2,1,1,2,2,2,1,1,2,9999,9999,9999,9999,1,1,5,1,1,3,3,3,3,3,3,3,3,2,2,2,3,2,3,3,3,3,3,1,3,2,3,2,3,1,2,2,1,2,9,9,9,8,
35,Feb10,Nicaragua,Managua,Managua,12.1364,-86.2514,1,6,57,0,48,0,8,2,8,1069,5742800,1000000,46,0,73,64,23,13,165,3,1,1,1,1,1,1,2,1,1,1,2,2,1,4,2,1,3,2,2,3,1,2,1,2,1,2,5,3,0,3,2,2,1,1,1,2,2,2,1,1.1/month,3,1,2,1,2,1,2,8,1,2,1,2,3,4,2,2,2,1,1,2,3,4,1,1,1,1,3,3,2,5,1,2,4,1,1,2,3,2,1,1,2,3,2,3,3,2,4,2,1,1,2,1,1,2,2,2,1,1,2,9999,9999,9999,9999,1,1,5,1,1,3,3,3,3,3,3,3,3,2,2,2,3,2,3,3,3,3,3,1,3,2,3,2,3,1,2,2,1,2,9,9,9,8,
36,Jul 09,Nicaragua,Masaya,Masaya,11.9686,-86.0946,1,6,57,0,40,0,8,2,8,1069,5742800,92598,45,2,73,64,23,13,165,3,1,1,1,1,2,1,2,2,1,1,1,1,1,3,2,1,1,1,1,2,1,2,1,2,2,2,6,3,0,2,2,2,1,1,1,2,2,2,1,9999,3,2,2,1,6,1,1,8,1,1,1,2,3,1,6,2,1,2,1,2,3,4,1,3,1,1,3,3,2,5,1,2,4,1,1,2,3,2,1,1,2,3,2,2,2,2,4,2,1,1,1,1,1,2,2,2,1,1,2,9999,9999,9999,9999,2,2,5,1,1,3,4,3,3,3,3,3,2,3,2,2,3,2,3,3,3,2,3,2,2,2,3,2,3,1,2,2,1,2,9,9,7,8,
37,Jun10,Nicaragua,Masaya,Masaya,11.9686,-86.0946,1,6,57,0,40,0,8,2,8,1069,5742800,92598,46,0,73,64,23,13,165,3,1,1,1,1,2,1,2,2,1,1,1,1,1,3,2,1,1,1,1,2,1,2,1,2,2,2,6,3,0,2,2,2,1,1,1,2,2,2,1,9999,3,2,2,1,6,1,1,8,1,1,1,2,3,1,6,2,1,2,1,2,3,4,1,3,1,1,3,3,2,5,1,2,4,1,1,2,3,2,1,1,2,3,2,3,3,2,4,2,1,1,1,1,1,2,2,2,1,1,2,9999,9999,9999,9999,2,2,5,1,1,3,4,3,3,3,3,3,2,3,2,2,3,2,3,3,3,2,3,2,2,2,3,2,3,1,2,2,1,2,9,9,7,8,
38,Nov 09,Kenya,Rift Valley,Nakuru,-0.52833,36.0667,1,4,22,0,50,0,3,1,1,738,39802015,500000,69,0,54,48,53,33,371,7,0,1,1,1,1,1,1,1,1,2,2,1,1,1,1,1,1,4,1,2,1,1,1,2,1,2,7,7,1,3,2,1,1,1,2,1,2,2,1,1,88/month,4,2,2,2,6,1,1,9999,1,4,2,2,1,2,6,1,3,1,1,4,3,2,1,4,4,5,1,4,1,4,2,1,4,1,1,2,3,3,1,1,3,3,3,3,3,2,2,4,1,1,1,1,1,2,4,4,1,1,1,1,2,2,2,1,1,3,3,1,4,4,3,3,3,4,4,3,4,2,3,4,3,4,2,3,3,3,1,3,2,2,3,4,1,3,3,2,2,10,7,8,11
39,2011,Netherland,Gelderland,Nijmegen,51.8429,5.8546,3,4,82,1,50,10,5,6,2,47917,16531294,163000,497,1,80,73,8,3,68,5,9,1,1,1,1,1,1,1,1,5,4,5,5,5,5,5,5,5,5,9999,1,1,2,2,2,1,7,1,1,5,2,2,1,2,1,2,2,2,2,250 euro/year,4,2,2,2,9999,1,5,5,5,4,2,1,1,5,4,1,5,1,1,2,2,2,2,2,1,1,3,1,1,1,1,1,5,2,1,1,4,4,1,1,4,5,4,2,3,2,2,2,2,1,1,2,1,2,5,5,1,1,2,2,2,2,1,1,2,1,2,1,3,3,2,3,3,9999,3,3,3,1,3,3,3,3,2,3,3,2,9999,3,4,2,3,3,1,3,4,2,3,14,6,29,11,
40,2008,Suriname,Paramari,Paramari,5.8667,-55.1667,1,3,75,0,47,4,8,1,0,5888,515124,242946,2,9,69,61,30,12,174,9999,1,1,1,1,1,1,1,1,1,1,1,1,1,1,1,1,1,1,2,1,2,2,2,2,2,6,5,0,5,2,2,1,1,1,2,2,2,2,9999,3,2,3,1,6,1,1,15,1,1,1,2,3,2,6,2,2,2,2,2,1,2,2,3,1,1,1,1,1,2,2,2,2,2,2,3,2,2,2,1,2,2,2,1,1,1,4,1,2,1,1,1,2,2,2,2,1,1,2,9999,9999,9999,9999,2,2,5,2,2,2,2,4,2,1,2,2,1,1,2,2,2,2,2,5,1,1,3,2,1,1,3,1,1,1,1,1,1,3,7,4,6,4,,
41,2009,Suriname,Paramari,Paramari,5.8667,-55.1667,1,3,75,0,47,4,8,1,0,5888,519740,242946,2,9,69,61,30,12,174,9999,1,1,1,1,1,1,1,1,1,1,1,1,1,1,1,1,1,1,2,1,2,2,2,2,2,6,5,0,5,2,2,1,1,1,2,2,2,2,9999,3,2,3,1,6,1,1,15,1,1,1,2,3,2,6,2,2,2,2,2,1,2,2,3,1,1,1,1,1,2,2,2,2,2,2,3,2,2,2,1,2,2,2,1,1,1,4,1,2,1,1,1,2,2,2,2,1,1,2,9999,9999,9999,9999,2,2,5,2,2,2,2,4,2,1,2,2,1,1,2,2,2,2,2,5,1,1,3,2,1,1,3,1,1,1,1,1,1,3,7,4,6,4,,
42,1995,Ecuador,Tungurahua,Pillaro,-1.1,-78.32,1,5,66,0,50,2,0,2,7,1771,11406764,9530,40,6,71,9999,9999,9999,200,1,0,1,1,2,9999,1,2,2,1,2,2,2,2,2,2,2,2,2,2,2,1,2,1,1,2,2,6,3,0,4,2,2,1,1,2,2,2,2,2,9999,3,2,3,1,6,1,1,15,1,1,1,1,3,2,6,2,1,1,1,1,1,1,1,3,1,1,2,1,1,3,1,1,2,2,2,3,2,2,2,1,2,3,4,2,2,1,4,1,2,1,1,2,2,2,2,2,1,1,2,2,2,1,2,2,2,1,2,2,1,1,2,2,2,3,2,1,2,2,2,2,1,2,2,2,1,3,2,2,1,3,1,1,2,1,2,2,3,8,5,12,4,
43,Oct 09,South Afri,Gauten,Pretoria,-25.7313,28.2184,2,5,61,0,65,8,8,2,4,5786,49320150,1000000,40,2,51,48,33,20,520,5,4,1,1,1,1,1,2,1,1,3,3,3,3,4,4,2,1,1,1,2,1,1,1,2,2,1,7,5,0,5,2,2,1,1,1,2,2,2,2,9999,2,1,3,1,2,1,2,10,1,1,2,2,2,2,6,2,1,2,1,2,2,3,2,3,2,3,1,3,3,4,1,9999,3,1,2,2,3,3,1,1,3,3,2,2,2,2,4,2,2,2,1,1,1,2,2,2,1,1,2,1,1,2,2,2,2,1,2,1,2,3,4,2,2,3,2,1,2,2,3,3,2,2,3,2,1,3,2,2,2,3,2,3,1,1,2,1,2,10,7,18,7,
44,Dec 09,Philipines,Quezon City,Quezon City,14.6333,121.0333,1,6,65,0,67,0,8,1,4,1752,91983102,2680000,335,0,72,62,23,15,174,2,6,1,1,1,1,1,2,1,1,2,2,2,2,2,2,2,2,2,2,2,1,1,1,1,1,2,7,7,9999,2,2,1,1,2,1,2,1,1,1,9999,2,2,3,1,2,1,1,9999,2,2,2,2,2,5,3,2,2,1,1,2,3,3,1,2,3,3,3,4,4,3,1,1,5,1,1,9999,4,3,1,1,4,4,3,3,3,3,3,3,1,1,2,1,1,1,3,3,1,1,9999,9999,9999,9999,9999,1,1,2,2,1,3,3,3,3,3,2,3,3,3,2,3,3,3,3,3,3,3,3,1,3,2,2,3,3,1,3,3,1,2,13,8,12,10,
45,Feb11,Costa Rica,San Jose,San Jose,9.9333,-84.0833,1,3,63,1,10,1,8,2,7,6386,4578945,346298,80,9,79,69,13,7,97,5,0,1,1,1,1,1,2,1,1,2,2,2,2,3,3,1,4,4,2,3,1,1,1,2,2,2,7,2,0,5,2,2,1,2,1,2,2,2,2,740HH-3700com,3,2,2,2,6,1,4,12,1,1,1,1,2,5,4,2,4,1,1,2,2,4,1,2,3,2,1,3,3,1,1,2,5,1,1,1,4,4,1,1,3,4,4,2,2,2,9999,2,1,1,2,1,1,2,2,4,1,1,2,2,2,1,2,1,1,2,3,1,2,3,2,3,2,2,2,2,4,2,3,3,3,3,4,3,3,9999,1,3,2,2,1,3,1,2,3,2,2,12,9,12,9,
46,1991,Costa Rica,Limon,Talamanc,9.6303,-83.0147,1,3,63,0,30,1,1,2,7,2270,3155807,3235,61,7,76,9999,8,9,108,5,0,1,1,2,2,2,2,2,2,1,1,1,2,1,2,1,1,1,1,3,1,2,1,2,2,2,6,3,0,4,2,2,1,1,2,2,2,2,2,9999,3,2,3,2,6,1,1,10,1,1,1,2,3,1,6,2,1,2,2,1,2,2,2,3,3,1,2,2,2,3,1,2,2,2,2,3,2,2,2,1,2,3,2,2,2,1,4,1,2,2,1,1,1,2,2,2,1,1,2,2,2,1,2,2,2,2,2,2,2,2,3,1,2,3,2,1,1,2,2,2,2,2,2,2,2,3,2,1,1,2,2,2,1,2,2,1,2,8,4,8,7,
47,1992,Costa Rica,Puntaren,Tarcoles,9.773,-84.6296,1,3,63,0,30,1,2,2,7,2651,3233556,30000,63,2,76,9999,9,9,108,5,0,1,1,2,2,2,2,2,2,1,1,1,1,1,1,1,1,1,1,6,1,2,2,2,2,2,0,2,0,4,2,2,1,2,2,2,2,2,2,9999,2,2,3,2,6,1,1,12,1,1,1,2,3,1,6,2,1,2,2,1,2,2,1,3,3,1,2,1,2,3,1,2,2,2,2,3,2,2,2,1,2,3,2,2,2,1,4,1,2,2,1,1,1,2,2,2,1,1,2,2,2,1,2,2,2,2,2,2,2,2,2,2,2,3,2,1,2,2,2,2,2,2,2,2,2,3,2,1,1,2,2,2,1,2,2,1,2,8,5,6,7,
48,1995,Costa Rica,Puntaren,Tarcoles,9.773,-84.6296,1,3,63,0,50,1,2,2,7,3370,3478643,2930,67,8,77,9999,9,9,108,5,0,1,1,2,2,2,2,2,2,1,1,1,1,1,1,1,1,1,1,6,1,2,2,2,2,2,0,2,0,4,2,2,1,2,2,2,2,2,2,9999,2,2,3,2,6,1,1,12,1,1,1,2,3,1,6,2,1,2,2,1,2,2,1,3,3,1,2,1,2,3,1,2,2,2,2,3,2,2,2,1,2,3,2,2,2,1,4,1,2,2,1,1,1,2,2,2,1,1,2,2,2,1,2,2,2,2,2,2,2,2,2,2,2,3,2,1,2,2,2,2,2,2,2,2,2,3,2,1,1,2,2,2,1,2,2,1,2,8,5,6,7,
49,May10,Bhutan,Thimphu,Thimphu,27.4667,89.6417,3,2,35,0,54,0,9,0,8,1805,697335,100000,18,2,66,55,40,35,229,5,1,1,1,1,2,2,2,1,2,1,1,1,1,1,1,2,1,1,1,2,1,1,1,2,2,2,7,7,3,5,2,2,1,2,1,2,2,2,2,20-40Nu,3,2,2,1,6,2,2,12,1,2,2,2,1,1,2,2,1,1,1,2,2,3,1,2,2,2,3,1,1,4,1,1,4,1,1,1,3,3,2,1,3,3,3,3,3,2,2,2,1,1,1,1,1,1,2,4,1,1,1,1,2,2,1,2,2,2,1,1,2,3,2,4,3,1,3,2,3,1,3,3,3,2,4,4,2,3,2,2,2,1,3,3,1,2,2,1,2,10,8,7,8,
50,2001,Costa Rica,Cartago,Tuis,9.52,-83.55,1,3,63,0,30,1,4,2,7,4084,2510,2510,74,6,78,67,7,8,100,5,0,2,1,2,2,2,1,2,1,2,1,1,2,1,1,2,2,2,2,2,1,2,2,2,2,2,1,1,0,4,2,2,1,2,2,2,2,2,2,9999,2,2,2,2,6,1,1,20,1,1,1,4,3,2,6,2,1,2,2,2,2,2,2,1,1,2,1,2,2,1,2,2,2,2,2,3,2,2,2,1,2,2,2,2,1,1,4,1,2,2,1,1,2,2,2,1,1,1,1,1,2,2,2,2,2,2,2,2,2,2,2,1,1,3,1,1,1,2,2,2,2,2,2,2,2,3,2,1,1,2,1,1,1,1,1,1,2,7,4,9,4,
